userId,isOnline,lastSeenDate,when_online
2fba2529-c166-8574-2da2-eac544d82634,False,2023-10-07T22:51:51.3880945+00:00,[]
8b0b5db6-19d6-d777-575e-915c2a77959a,True,,"[[""2023-10-08T01:55:38.071188"", null], [""2023-10-08T01:55:50.230817"", null], [""2023-10-08T01:56:02.520324"", null], [""2023-10-08T01:56:14.860582"", null], [""2023-10-08T01:56:26.890429"", null], [""2023-10-08T01:56:39.265864"", null], [""2023-10-08T01:56:51.608772"", null], [""2023-10-08T01:57:03.951040"", null], [""2023-10-08T01:57:16.155502"", null], [""2023-10-08T01:57:28.567821"", null]]"
e13412b2-fe46-7149-6593-e47043f39c91,False,2023-10-07T22:56:31.4220706+00:00,"[[""2023-10-08T01:56:14.860596"", null], [""2023-10-08T01:56:26.890443"", ""2023-10-08T01:56:39.265879""]]"
cbf0d80b-8532-070b-0df6-a0279e65d0b2,False,2023-10-07T22:54:51.4086286+00:00,"[[""2023-10-08T01:53:10.433748"", null], [""2023-10-08T01:53:22.733955"", null], [""2023-10-08T01:53:34.951380"", null], [""2023-10-08T01:53:47.109669"", null], [""2023-10-08T01:53:59.791068"", null], [""2023-10-08T01:54:12.169173"", null], [""2023-10-08T01:54:24.263850"", null], [""2023-10-08T01:54:36.609462"", null], [""2023-10-08T01:54:48.983578"", ""2023-10-08T01:55:01.376997""]]"
de5b8815-1689-7c78-44e1-33375e7e2931,True,,"[[""2023-10-08T01:56:51.608802"", null], [""2023-10-08T01:57:03.951071"", null], [""2023-10-08T01:57:16.155521"", null], [""2023-10-08T01:57:28.567850"", null]]"
e31e41f4-4992-cd5d-def4-4c79f86bb0e1,True,,"[[""2023-10-08T01:53:10.433781"", null], [""2023-10-08T01:53:22.733976"", ""2023-10-08T01:53:34.951400""]]"
908dcb71-beeb-57c4-72f6-50451a6c3d12,False,2023-10-07T22:53:51.4054841+00:00,"[[""2023-10-08T01:53:10.433787"", null], [""2023-10-08T01:53:22.733984"", null], [""2023-10-08T01:53:34.951407"", null], [""2023-10-08T01:53:47.109690"", ""2023-10-08T01:53:59.791088""]]"
5ed4eae5-d93c-6b18-be47-93a787c73bcb,True,,"[[""2023-10-08T01:55:01.377022"", null], [""2023-10-08T01:55:13.478992"", null], [""2023-10-08T01:55:25.867770"", null], [""2023-10-08T01:55:38.071222"", null], [""2023-10-08T01:55:50.230860"", null], [""2023-10-08T01:56:02.520386"", null], [""2023-10-08T01:56:14.860614"", null], [""2023-10-08T01:56:26.890461"", null], [""2023-10-08T01:56:39.265897"", null], [""2023-10-08T01:56:51.608821"", null], [""2023-10-08T01:57:03.951089"", null], [""2023-10-08T01:57:16.155533"", null], [""2023-10-08T01:57:28.567869"", null]]"
3f9747d7-d084-7db4-5226-220085e07b54,False,2023-10-07T22:56:11.4195588+00:00,"[[""2023-10-08T01:53:10.433795"", null], [""2023-10-08T01:53:22.733993"", null], [""2023-10-08T01:53:34.951418"", null], [""2023-10-08T01:53:47.109699"", null], [""2023-10-08T01:53:59.791097"", null], [""2023-10-08T01:54:12.169212"", null], [""2023-10-08T01:54:24.263887"", null], [""2023-10-08T01:54:36.609500"", null], [""2023-10-08T01:54:48.983611"", null], [""2023-10-08T01:55:01.377028"", null], [""2023-10-08T01:55:13.479009"", null], [""2023-10-08T01:55:25.867788"", null], [""2023-10-08T01:55:38.071230"", null], [""2023-10-08T01:55:50.230870"", null], [""2023-10-08T01:56:02.520393"", ""2023-10-08T01:56:14.860619""]]"
05227367-07f0-b3a5-8345-2513e0c45cca,False,2023-10-07T22:49:51.3776399+00:00,[]
4a198b3f-6696-e319-2cbf-c50fa09f4ecc,False,2023-10-07T22:49:51.377641+00:00,[]
bb367131-ec06-3d69-a861-eeca3f9cc88d,True,,"[[""2023-10-08T01:56:14.860631"", null], [""2023-10-08T01:56:26.890477"", null], [""2023-10-08T01:56:39.265913"", null], [""2023-10-08T01:56:51.608845"", null], [""2023-10-08T01:57:03.951113"", null], [""2023-10-08T01:57:16.155549"", null], [""2023-10-08T01:57:28.567893"", null]]"
02d4563d-5727-c811-b3b7-57a10f6be25a,False,2023-10-07T22:53:51.4054892+00:00,"[[""2023-10-08T01:53:10.433810"", null], [""2023-10-08T01:53:22.734013"", null], [""2023-10-08T01:53:34.951437"", null], [""2023-10-08T01:53:47.109715"", ""2023-10-08T01:53:59.791113""]]"
a807e6f7-ec9c-f8a6-a6e4-43b8f36c78cc,True,,"[[""2023-10-08T01:53:10.433816"", null], [""2023-10-08T01:53:22.734021"", null], [""2023-10-08T01:53:34.951445"", null], [""2023-10-08T01:53:47.109722"", null], [""2023-10-08T01:53:59.791119"", null], [""2023-10-08T01:54:12.169244"", null], [""2023-10-08T01:54:24.263919"", null], [""2023-10-08T01:54:36.609532"", null], [""2023-10-08T01:54:48.983637"", null], [""2023-10-08T01:55:01.377050"", null], [""2023-10-08T01:55:13.479034"", null], [""2023-10-08T01:55:25.867813"", null], [""2023-10-08T01:55:38.071255"", null], [""2023-10-08T01:55:50.230901"", null], [""2023-10-08T01:56:02.520418"", null], [""2023-10-08T01:56:14.860641"", null], [""2023-10-08T01:56:26.890488"", null], [""2023-10-08T01:56:39.265924"", null], [""2023-10-08T01:56:51.608861"", null], [""2023-10-08T01:57:03.951129"", null], [""2023-10-08T01:57:16.155559"", null], [""2023-10-08T01:57:28.567909"", null]]"
e9de6dd1-84e5-9833-59de-8c51008de6a0,False,2023-10-07T22:53:31.4028548+00:00,"[[""2023-10-08T01:53:10.433822"", null], [""2023-10-08T01:53:22.734028"", ""2023-10-08T01:53:34.951453""]]"
d59e1aae-c9cc-5c17-4458-4f02bdc494d2,False,2023-10-07T22:53:11.3992065+00:00,"[[""2023-10-08T01:53:10.433828"", ""2023-10-08T01:53:22.734036""]]"
acb1c13f-a700-ae85-97fa-daa56573f7bd,False,2023-10-07T22:50:31.3821162+00:00,[]
2e164e3c-3abd-a835-8e00-a3fa4b1d636e,False,2023-10-07T22:54:11.4060794+00:00,"[[""2023-10-08T01:53:10.433838"", null], [""2023-10-08T01:53:22.734050"", null], [""2023-10-08T01:53:34.951472"", null], [""2023-10-08T01:53:47.109744"", null], [""2023-10-08T01:53:59.791139"", ""2023-10-08T01:54:12.169275""]]"
88885096-1825-640b-1dff-281b668b24e5,True,,"[[""2023-10-08T01:53:10.433845"", null], [""2023-10-08T01:53:22.734059"", ""2023-10-08T01:53:34.951481""]]"
99f065e9-2796-0dc7-97c4-8ea28db20bf7,True,,"[[""2023-10-08T01:53:10.433851"", null], [""2023-10-08T01:53:22.734067"", null], [""2023-10-08T01:53:34.951490"", null], [""2023-10-08T01:53:47.109756"", null], [""2023-10-08T01:53:59.791150"", null], [""2023-10-08T01:54:12.169293"", null], [""2023-10-08T01:54:24.263965"", ""2023-10-08T01:54:36.609577""]]"
938a6656-0b54-6a9c-76a2-bbfac8f3de81,False,2023-10-07T22:53:31.4028566+00:00,"[[""2023-10-08T01:53:10.631074"", null], [""2023-10-08T01:53:22.916276"", ""2023-10-08T01:53:35.146796""]]"
398575d0-fd2a-d16a-7345-e6437ee5a25a,False,2023-10-07T22:48:31.3621929+00:00,[]
27c06654-a582-f05c-8824-80c616d65214,False,2023-10-07T22:56:11.4195628+00:00,"[[""2023-10-08T01:55:38.256972"", null], [""2023-10-08T01:55:50.398302"", null], [""2023-10-08T01:56:02.708752"", ""2023-10-08T01:56:15.019052""]]"
94c4e3b2-bb87-cb77-e116-5aaa605b23f7,False,2023-10-07T22:52:31.3906076+00:00,[]
5a254c98-a749-ab02-bf62-2f9a4fb1e98a,True,,"[[""2023-10-08T01:56:39.454917"", null], [""2023-10-08T01:56:51.815719"", null], [""2023-10-08T01:57:04.113783"", null], [""2023-10-08T01:57:16.346071"", null], [""2023-10-08T01:57:28.758498"", null]]"
07b7738e-1363-827b-99b2-8acc05bee48b,False,2023-10-07T22:53:31.4028582+00:00,"[[""2023-10-08T01:53:10.631112"", null], [""2023-10-08T01:53:22.916322"", ""2023-10-08T01:53:35.146860""]]"
58f01a16-272b-ba7e-9511-5d05a13ef3f5,False,2023-10-07T22:56:51.4269219+00:00,"[[""2023-10-08T01:56:39.454941"", ""2023-10-08T01:56:51.815742""]]"
73cec768-e421-0642-1914-3647063324eb,False,2023-10-07T22:56:11.4195645+00:00,"[[""2023-10-08T01:53:59.981931"", null], [""2023-10-08T01:54:12.331198"", null], [""2023-10-08T01:54:24.426636"", null], [""2023-10-08T01:54:36.793191"", null], [""2023-10-08T01:54:49.196132"", null], [""2023-10-08T01:55:01.544130"", null], [""2023-10-08T01:55:13.703088"", null], [""2023-10-08T01:55:26.083267"", null], [""2023-10-08T01:55:38.257020"", null], [""2023-10-08T01:55:50.398367"", null], [""2023-10-08T01:56:02.708802"", ""2023-10-08T01:56:15.019092""]]"
d8770289-c958-157a-e213-aa5483e2f39b,False,2023-10-07T22:56:11.4195651+00:00,"[[""2023-10-08T01:55:38.257032"", null], [""2023-10-08T01:55:50.398377"", null], [""2023-10-08T01:56:02.708814"", ""2023-10-08T01:56:15.019101""]]"
e5cfa313-cbc1-d7b8-4198-b2e2faa61a37,True,,"[[""2023-10-08T01:56:51.815764"", null], [""2023-10-08T01:57:04.113827"", null], [""2023-10-08T01:57:16.346113"", null], [""2023-10-08T01:57:28.758628"", null]]"
bdb7a62a-a3a7-394f-48c4-3c8385798a2d,False,2023-10-07T22:49:51.3776453+00:00,[]
e51c2535-8913-8681-4182-aa7af408e927,True,,"[[""2023-10-08T01:53:35.146923"", null], [""2023-10-08T01:53:47.269634"", null], [""2023-10-08T01:53:59.981988"", null], [""2023-10-08T01:54:12.331236"", null], [""2023-10-08T01:54:24.426674"", null], [""2023-10-08T01:54:36.793226"", null], [""2023-10-08T01:54:49.196188"", null], [""2023-10-08T01:55:01.544166"", null], [""2023-10-08T01:55:13.703145"", null], [""2023-10-08T01:55:26.083324"", ""2023-10-08T01:55:38.257059""]]"
26134998-daf7-9124-f420-4643ac2eceb5,False,2023-10-07T22:42:31.3045974+00:00,[]
0c9b9253-3f4d-407f-4499-19a998cf7b6e,False,2023-10-07T22:56:31.4220811+00:00,"[[""2023-10-08T01:53:10.631162"", null], [""2023-10-08T01:53:22.916376"", null], [""2023-10-08T01:53:35.146949"", null], [""2023-10-08T01:53:47.269660"", ""2023-10-08T01:53:59.982014""]]"
624cf18a-0df7-4659-7895-c08980dd7ce9,False,2023-10-07T22:50:31.3821237+00:00,[]
21b78533-4b76-e55e-6fbc-d69d0078a29e,True,,"[[""2023-10-08T01:53:10.631178"", null], [""2023-10-08T01:53:22.916399"", null], [""2023-10-08T01:53:35.146975"", null], [""2023-10-08T01:53:47.269677"", null], [""2023-10-08T01:53:59.982040"", ""2023-10-08T01:54:12.331267""]]"
fe2c6cb3-296f-d4a9-16dc-a2c3500b1d98,False,2023-10-07T22:57:11.4305228+00:00,"[[""2023-10-08T01:56:02.708884"", null], [""2023-10-08T01:56:15.019157"", null], [""2023-10-08T01:56:27.076865"", null], [""2023-10-08T01:56:39.455011"", null], [""2023-10-08T01:56:51.815817"", null], [""2023-10-08T01:57:04.113880"", ""2023-10-08T01:57:16.346192""]]"
32d66fc5-f454-409e-5e95-9fa26ec813cb,False,2023-10-07T22:54:51.4086373+00:00,"[[""2023-10-08T01:53:22.916417"", null], [""2023-10-08T01:53:35.147002"", null], [""2023-10-08T01:53:47.269696"", null], [""2023-10-08T01:53:59.982067"", null], [""2023-10-08T01:54:12.331285"", null], [""2023-10-08T01:54:24.426722"", null], [""2023-10-08T01:54:36.793271"", null], [""2023-10-08T01:54:49.196259"", ""2023-10-08T01:55:01.544212""]]"
5ca3c3fc-c842-9f4e-fa1f-028b96e06515,False,2023-10-07T22:44:11.3227333+00:00,[]
914cf3da-34b1-b2fa-60ef-710ea5ee1e34,False,2023-10-07T22:53:31.4028613+00:00,"[[""2023-10-08T01:53:22.916434"", ""2023-10-08T01:53:35.147030""]]"
df60f3f8-0e13-b64a-76b5-863bae54478e,False,2023-10-07T22:34:51.2391306+00:00,[]
0d0ac023-746e-5d8e-3229-4b049c62400c,True,,"[[""2023-10-08T01:53:10.799787"", null], [""2023-10-08T01:53:23.108956"", null], [""2023-10-08T01:53:35.333611"", null], [""2023-10-08T01:53:47.459724"", null], [""2023-10-08T01:54:00.167164"", null], [""2023-10-08T01:54:12.513832"", null], [""2023-10-08T01:54:24.609030"", null], [""2023-10-08T01:54:36.977698"", null], [""2023-10-08T01:54:49.404794"", null], [""2023-10-08T01:55:01.730214"", null], [""2023-10-08T01:55:13.896854"", null], [""2023-10-08T01:55:26.253240"", null], [""2023-10-08T01:55:38.423500"", null], [""2023-10-08T01:55:50.572220"", null], [""2023-10-08T01:56:02.927681"", null], [""2023-10-08T01:56:15.182952"", null], [""2023-10-08T01:56:27.256714"", null], [""2023-10-08T01:56:39.639544"", null], [""2023-10-08T01:56:52.031932"", null], [""2023-10-08T01:57:04.302110"", null], [""2023-10-08T01:57:16.551643"", null], [""2023-10-08T01:57:28.915390"", null]]"
a69de642-dd03-ba60-2241-9952b57463ef,True,,"[[""2023-10-08T01:53:10.799811"", null], [""2023-10-08T01:53:23.108988"", null], [""2023-10-08T01:53:35.333643"", null], [""2023-10-08T01:53:47.459754"", null], [""2023-10-08T01:54:00.167189"", null], [""2023-10-08T01:54:12.513862"", null], [""2023-10-08T01:54:24.609051"", null], [""2023-10-08T01:54:36.977718"", null], [""2023-10-08T01:54:49.404833"", null], [""2023-10-08T01:55:01.730251"", null], [""2023-10-08T01:55:13.896881"", null], [""2023-10-08T01:55:26.253261"", null], [""2023-10-08T01:55:38.423525"", null], [""2023-10-08T01:55:50.572252"", null], [""2023-10-08T01:56:02.927713"", null], [""2023-10-08T01:56:15.182972"", null], [""2023-10-08T01:56:27.256734"", null], [""2023-10-08T01:56:39.639575"", null], [""2023-10-08T01:56:52.031953"", null], [""2023-10-08T01:57:04.302136"", null], [""2023-10-08T01:57:16.551669"", null], [""2023-10-08T01:57:28.915407"", null]]"
ee3cfee1-5c6e-d2e7-77ff-d2695844dac4,True,,"[[""2023-10-08T01:53:10.799824"", null], [""2023-10-08T01:53:23.109009"", ""2023-10-08T01:53:35.333661""]]"
cd9a0c70-c32e-defb-55b0-8014d079ad54,True,,"[[""2023-10-08T01:53:10.799837"", ""2023-10-08T01:53:23.109030""]]"
117256cb-c5dd-8d3e-d75e-c3602957f7ee,False,2023-10-07T22:37:11.2594911+00:00,[]
f4e599ea-6054-4a9d-f446-3a5c07c07c1c,True,,"[[""2023-10-08T01:54:36.977757"", null], [""2023-10-08T01:54:49.404894"", null], [""2023-10-08T01:55:01.730323"", null], [""2023-10-08T01:55:13.896928"", null], [""2023-10-08T01:55:26.253300"", null], [""2023-10-08T01:55:38.423573"", null], [""2023-10-08T01:55:50.572312"", null], [""2023-10-08T01:56:02.927784"", null], [""2023-10-08T01:56:15.183011"", null], [""2023-10-08T01:56:27.256780"", null], [""2023-10-08T01:56:39.639644"", null], [""2023-10-08T01:56:52.031993"", null], [""2023-10-08T01:57:04.302183"", null], [""2023-10-08T01:57:16.551716"", null], [""2023-10-08T01:57:28.915440"", null]]"
1fa8819c-1386-dc9b-840b-e7d0dc84f158,False,2023-10-07T22:50:31.3821266+00:00,[]
1111011b-50a0-0121-8b39-8d63bfd1f39e,False,2023-10-07T22:53:11.3992167+00:00,"[[""2023-10-08T01:53:10.799881"", ""2023-10-08T01:53:23.109101""]]"
5b967b97-a906-e22e-a1f4-8a58e05eded4,True,,"[[""2023-10-08T01:55:38.423611"", null], [""2023-10-08T01:55:50.572361"", null], [""2023-10-08T01:56:02.927832"", null], [""2023-10-08T01:56:15.183041"", null], [""2023-10-08T01:56:27.256811"", null], [""2023-10-08T01:56:39.639693"", null], [""2023-10-08T01:56:52.032024"", null], [""2023-10-08T01:57:04.302221"", null], [""2023-10-08T01:57:16.551754"", null], [""2023-10-08T01:57:28.915467"", null]]"
4c9314d8-75cc-24e6-4443-172c2b0b3f87,True,,"[[""2023-10-08T01:53:10.799905"", ""2023-10-08T01:53:23.109142""]]"
da0ee7ee-bf4d-b85f-3dc3-f22db8e82c5e,False,2023-10-07T22:48:11.3543357+00:00,[]
9dcfd7a8-1a8a-e410-df25-0111bf54ba96,False,2023-10-07T22:51:51.3881196+00:00,[]
aea19bc4-fa95-63dc-c25e-26f9a1ebb351,False,2023-10-07T22:51:31.3866467+00:00,[]
b3a4e41d-d5e7-23fb-5819-79a9c1d4dbd3,False,2023-10-07T22:48:51.3627298+00:00,[]
17717136-8df0-f73c-c5a1-527125e28c6d,False,2023-10-07T22:49:51.3776504+00:00,[]
e1f2d509-a0c9-f79a-177a-7252e4d72a70,False,2023-10-07T22:52:51.3928303+00:00,[]
9ed5c582-546f-2c86-1bde-493e4202c642,False,2023-10-07T22:46:51.3401238+00:00,[]
d59bffa8-6db8-3872-53bb-13f9218482e3,False,2023-10-07T22:56:51.4269302+00:00,"[[""2023-10-08T01:56:39.639838"", ""2023-10-08T01:56:52.032114""]]"
61db12a4-b192-25f1-4146-cde57015d27c,False,2023-10-07T22:49:51.3776515+00:00,[]
7e3a6790-e67c-461e-df42-c88ee693c014,True,,"[[""2023-10-08T01:56:15.342880"", null], [""2023-10-08T01:56:27.465378"", null], [""2023-10-08T01:56:39.831686"", null], [""2023-10-08T01:56:52.240260"", null], [""2023-10-08T01:57:04.491927"", null], [""2023-10-08T01:57:16.760367"", null], [""2023-10-08T01:57:29.101038"", null]]"
47d4a943-13a1-a25e-6217-4825ea091ce0,False,2023-10-07T22:51:31.386649+00:00,[]
3ce33e44-e54a-97f7-bed8-360ddc53f0af,True,,"[[""2023-10-08T01:53:10.989548"", null], [""2023-10-08T01:53:23.296271"", null], [""2023-10-08T01:53:35.498300"", null], [""2023-10-08T01:53:47.649088"", null], [""2023-10-08T01:54:00.362820"", null], [""2023-10-08T01:54:12.682062"", null], [""2023-10-08T01:54:24.797457"", null], [""2023-10-08T01:54:37.186860"", null], [""2023-10-08T01:54:49.592410"", null], [""2023-10-08T01:55:01.894758"", null], [""2023-10-08T01:55:14.089135"", null], [""2023-10-08T01:55:26.421485"", null], [""2023-10-08T01:55:38.594568"", null], [""2023-10-08T01:55:50.758057"", null], [""2023-10-08T01:56:03.120080"", null], [""2023-10-08T01:56:15.342922"", null], [""2023-10-08T01:56:27.465423"", null], [""2023-10-08T01:56:39.831748"", null], [""2023-10-08T01:56:52.240322"", null], [""2023-10-08T01:57:04.491976"", null], [""2023-10-08T01:57:16.760419"", null], [""2023-10-08T01:57:29.101087"", null]]"
d1434c7e-c14a-5b85-0e72-0ce74d690ceb,True,,"[[""2023-10-08T01:57:16.760437"", null], [""2023-10-08T01:57:29.101105"", null]]"
4fe0db05-816a-8d2d-fb54-6fc6b8a68135,False,2023-10-07T22:45:31.3340894+00:00,[]
bb68401c-8516-62e5-52d6-9f8fa8b83f95,False,2023-10-07T22:56:11.4195754+00:00,"[[""2023-10-08T01:53:10.989615"", null], [""2023-10-08T01:53:23.296319"", ""2023-10-08T01:53:35.498348""]]"
241fe2e5-101d-c8be-72c0-826771165ac2,False,2023-10-07T22:56:51.4269322+00:00,"[[""2023-10-08T01:53:35.498364"", null], [""2023-10-08T01:53:47.649159"", null], [""2023-10-08T01:54:00.362911"", null], [""2023-10-08T01:54:12.682134"", null], [""2023-10-08T01:54:24.797529"", null], [""2023-10-08T01:54:37.186932"", null], [""2023-10-08T01:54:49.592502"", null], [""2023-10-08T01:55:01.894851"", null], [""2023-10-08T01:55:14.089207"", null], [""2023-10-08T01:55:26.421557"", null], [""2023-10-08T01:55:38.594660"", null], [""2023-10-08T01:55:50.758149"", null], [""2023-10-08T01:56:03.120173"", null], [""2023-10-08T01:56:15.342977"", null], [""2023-10-08T01:56:27.465533"", null], [""2023-10-08T01:56:39.831837"", ""2023-10-08T01:56:52.240403""]]"
d155a2ae-d536-9917-e16f-8f42b81692da,False,2023-10-07T22:47:51.3534798+00:00,[]
f2ce4750-b7e5-f4b3-b9a8-569839d989c9,False,2023-10-07T22:55:51.4160807+00:00,"[[""2023-10-08T01:53:10.989673"", null], [""2023-10-08T01:53:23.296359"", ""2023-10-08T01:53:35.498392""]]"
0e5ab843-b051-4f79-d17c-45722f45341b,False,2023-10-07T22:53:31.4028681+00:00,"[[""2023-10-08T01:53:10.989695"", null], [""2023-10-08T01:53:23.296374"", ""2023-10-08T01:53:35.498408""]]"
d5925ab3-def4-0bfc-5498-407b46c1292f,False,2023-10-07T22:43:11.3140895+00:00,[]
d0918fee-d7b8-0d7a-82be-7fe8a78f8dd9,True,,"[[""2023-10-08T01:56:39.831939"", null], [""2023-10-08T01:56:52.240505"", null], [""2023-10-08T01:57:04.492097"", null], [""2023-10-08T01:57:16.760560"", null], [""2023-10-08T01:57:29.101226"", null]]"
4e83b6ed-1ee8-57b8-7668-18c41b230f7f,False,2023-10-07T22:57:11.4305392+00:00,"[[""2023-10-08T01:53:10.989753"", null], [""2023-10-08T01:53:23.296415"", null], [""2023-10-08T01:53:35.498450"", null], [""2023-10-08T01:53:47.649255"", null], [""2023-10-08T01:54:00.363032"", ""2023-10-08T01:54:12.682235""]]"
7a3ea1bb-4f68-241a-4a9c-fcd53d50bc6c,False,2023-10-07T22:41:11.2973385+00:00,[]
e1aa6c11-199f-6a22-c5a7-aa43b16492a3,False,2023-10-07T22:01:51.027151+00:00,[]
6f28d022-5a53-4546-1013-96cff19acf7a,False,2023-10-07T22:55:11.4117035+00:00,"[[""2023-10-08T01:54:37.187077"", null], [""2023-10-08T01:54:49.592688"", null], [""2023-10-08T01:55:01.895038"", ""2023-10-08T01:55:14.089354""]]"
38d9269c-7147-070d-8c4c-91568098027d,True,,"[[""2023-10-08T01:55:14.089375"", null], [""2023-10-08T01:55:26.421720"", null], [""2023-10-08T01:55:38.594868"", null], [""2023-10-08T01:55:50.758355"", null], [""2023-10-08T01:56:03.120383"", null], [""2023-10-08T01:56:15.343110"", null], [""2023-10-08T01:56:27.465678"", null], [""2023-10-08T01:56:39.832049"", null], [""2023-10-08T01:56:52.240616"", null], [""2023-10-08T01:57:04.492171"", null], [""2023-10-08T01:57:16.760645"", null], [""2023-10-08T01:57:29.101312"", null]]"
5ed89705-d3c6-6dea-880c-82ad5c185285,False,2023-10-07T22:55:11.4117054+00:00,"[[""2023-10-08T01:55:01.895085"", ""2023-10-08T01:55:14.089396""]]"
2588393e-9822-9948-025a-a2cbfe1215df,False,2023-10-07T22:53:31.4028703+00:00,"[[""2023-10-08T01:53:10.989877"", null], [""2023-10-08T01:53:23.296502"", ""2023-10-08T01:53:35.498537""]]"
70f55abd-ce18-d7f7-8a21-b4e9bdc8eb22,True,,"[[""2023-10-08T01:55:14.089434"", null], [""2023-10-08T01:55:26.421775"", null], [""2023-10-08T01:55:38.594939"", null], [""2023-10-08T01:55:50.758425"", null], [""2023-10-08T01:56:03.120454"", null], [""2023-10-08T01:56:15.343155"", null], [""2023-10-08T01:56:27.465725"", null], [""2023-10-08T01:56:39.832104"", null], [""2023-10-08T01:56:52.240687"", null], [""2023-10-08T01:57:04.492220"", null], [""2023-10-08T01:57:16.760714"", null], [""2023-10-08T01:57:29.101368"", null]]"
485196af-f2a9-0468-e99c-08dc9fafe15f,True,,"[[""2023-10-08T01:53:23.505809"", null], [""2023-10-08T01:53:35.691274"", null], [""2023-10-08T01:53:47.836187"", null], [""2023-10-08T01:54:00.551404"", null], [""2023-10-08T01:54:12.841431"", null], [""2023-10-08T01:54:24.979393"", ""2023-10-08T01:54:37.378418""]]"
3e40b9f5-29e4-e856-f754-d11439e35e97,False,2023-10-07T22:49:11.3698537+00:00,[]
51c3889b-3676-4ff4-c3c1-87b120a3c893,False,2023-10-07T22:44:11.3227424+00:00,[]
c2b86cf1-ed54-b757-d743-fb0fe74c0c09,True,,"[[""2023-10-08T01:55:02.055910"", null], [""2023-10-08T01:55:14.306578"", null], [""2023-10-08T01:55:26.615643"", null], [""2023-10-08T01:55:38.780391"", null], [""2023-10-08T01:55:50.948724"", null], [""2023-10-08T01:56:03.311654"", ""2023-10-08T01:56:15.524562""]]"
b33edad1-3ee3-a1e1-e47a-9fe4e95de43d,False,2023-10-07T22:51:31.3866528+00:00,[]
e883bd10-c2ab-1f4b-61e8-ae2e29a32097,False,2023-10-07T22:52:51.3928358+00:00,[]
054ac0ea-4000-c20d-7a20-a7d4e67a5a63,False,2023-10-07T22:56:31.4220946+00:00,"[[""2023-10-08T01:53:35.691444"", null], [""2023-10-08T01:53:47.836319"", null], [""2023-10-08T01:54:00.551535"", null], [""2023-10-08T01:54:12.841563"", null], [""2023-10-08T01:54:24.979563"", ""2023-10-08T01:54:37.378590""]]"
bb629326-57e3-69bc-e8a3-5a59e8a09da3,False,2023-10-07T22:56:11.4195802+00:00,"[[""2023-10-08T01:54:00.551559"", null], [""2023-10-08T01:54:12.841586"", null], [""2023-10-08T01:54:24.979594"", null], [""2023-10-08T01:54:37.378613"", null], [""2023-10-08T01:54:49.783378"", null], [""2023-10-08T01:55:02.055981"", null], [""2023-10-08T01:55:14.306698"", null], [""2023-10-08T01:55:26.615733"", null], [""2023-10-08T01:55:38.780504"", null], [""2023-10-08T01:55:50.948814"", null], [""2023-10-08T01:56:03.311768"", ""2023-10-08T01:56:15.524633""]]"
e3827f0c-4494-7b38-2b1d-20f076896821,False,2023-10-07T22:44:11.322744+00:00,[]
b9cd6eac-1ff3-fa09-703e-e09241c4b33c,False,2023-10-07T22:51:51.3881259+00:00,[]
35b72bf8-667b-e8be-be9c-2c05cbdd3d9c,False,2023-10-07T22:57:11.4305429+00:00,"[[""2023-10-08T01:56:03.311850"", null], [""2023-10-08T01:56:15.524685"", null], [""2023-10-08T01:56:27.678207"", null], [""2023-10-08T01:56:40.020880"", null], [""2023-10-08T01:56:52.435008"", null], [""2023-10-08T01:57:04.659902"", ""2023-10-08T01:57:16.974124""]]"
b7192b6d-89ed-2aa7-8b1d-0a2784487d9d,True,,"[[""2023-10-08T01:53:35.691575"", null], [""2023-10-08T01:53:47.836420"", null], [""2023-10-08T01:54:00.551642"", null], [""2023-10-08T01:54:12.841685"", null], [""2023-10-08T01:54:24.979700"", null], [""2023-10-08T01:54:37.378696"", null], [""2023-10-08T01:54:49.783474"", null], [""2023-10-08T01:55:02.056048"", null], [""2023-10-08T01:55:14.306805"", null], [""2023-10-08T01:55:26.615817"", ""2023-10-08T01:55:38.780610""]]"
c11c0395-46cd-cd5e-1fd4-8aa418bd8e48,False,2023-10-07T22:54:31.4073159+00:00,"[[""2023-10-08T01:54:12.841705"", null], [""2023-10-08T01:54:24.979730"", ""2023-10-08T01:54:37.378720""]]"
e9aee328-f08a-28e0-ac15-c6227152fa91,False,2023-10-07T22:39:31.2823843+00:00,[]
b173c5bd-f2bb-f377-0aab-bafe25c1d1ba,True,,"[[""2023-10-08T01:55:02.056099"", null], [""2023-10-08T01:55:14.306887"", null], [""2023-10-08T01:55:26.615882"", null], [""2023-10-08T01:55:38.780693"", null], [""2023-10-08T01:55:50.948959"", null], [""2023-10-08T01:56:03.311958"", null], [""2023-10-08T01:56:15.524752"", null], [""2023-10-08T01:56:27.678304"", null], [""2023-10-08T01:56:40.020973"", null], [""2023-10-08T01:56:52.435103"", null], [""2023-10-08T01:57:04.660017"", null], [""2023-10-08T01:57:16.974223"", null], [""2023-10-08T01:57:29.259615"", null]]"
0b40ec3e-fd86-7c99-d394-df86824ba9b4,False,2023-10-07T22:47:31.3463595+00:00,[]
35af28c2-1784-cff0-63cb-7cc8ba85d863,False,2023-10-07T22:55:51.4160857+00:00,"[[""2023-10-08T01:55:02.056134"", null], [""2023-10-08T01:55:14.306943"", null], [""2023-10-08T01:55:26.615928"", null], [""2023-10-08T01:55:38.780749"", null], [""2023-10-08T01:55:50.949005"", ""2023-10-08T01:56:03.312016""]]"
88eaa5f5-27be-31e2-c806-25938d477ebc,True,,"[[""2023-10-08T01:57:16.974293"", null], [""2023-10-08T01:57:29.259679"", null]]"
1fee144f-5ea5-7322-0396-0bb531a641c4,False,2023-10-07T22:51:11.3857671+00:00,[]
943504fe-9b36-62d7-4e4d-e26705ba8090,False,2023-10-07T22:54:31.4073176+00:00,"[[""2023-10-08T01:54:00.551808"", null], [""2023-10-08T01:54:12.841824"", null], [""2023-10-08T01:54:24.979917"", ""2023-10-08T01:54:37.378865""]]"
f24a0837-d80e-b392-7a55-d996403f3f4b,False,2023-10-07T22:53:31.4028741+00:00,"[[""2023-10-08T01:53:11.368745"", null], [""2023-10-08T01:53:23.705138"", ""2023-10-08T01:53:35.883624""]]"
c6216c7f-9515-5983-9829-a48d186adac9,False,2023-10-07T22:54:51.4086487+00:00,"[[""2023-10-08T01:53:11.368792"", null], [""2023-10-08T01:53:23.705181"", null], [""2023-10-08T01:53:35.883683"", null], [""2023-10-08T01:53:48.025221"", null], [""2023-10-08T01:54:00.747247"", ""2023-10-08T01:54:13.005203""]]"
3f1e276e-73b6-5dbc-4709-3c77199a16f0,False,2023-10-07T22:54:31.4073187+00:00,"[[""2023-10-08T01:53:11.368824"", null], [""2023-10-08T01:53:23.705204"", null], [""2023-10-08T01:53:35.883719"", null], [""2023-10-08T01:53:48.025257"", null], [""2023-10-08T01:54:00.747297"", null], [""2023-10-08T01:54:13.005248"", null], [""2023-10-08T01:54:25.192875"", ""2023-10-08T01:54:37.595389""]]"
f98d2104-b92e-4030-6efb-c4479a39d630,False,2023-10-07T22:54:11.4060976+00:00,"[[""2023-10-08T01:53:11.368854"", null], [""2023-10-08T01:53:23.705226"", null], [""2023-10-08T01:53:35.883762"", null], [""2023-10-08T01:53:48.025283"", null], [""2023-10-08T01:54:00.747333"", ""2023-10-08T01:54:13.005282""]]"
0ee9b932-8372-e164-f953-4cf04f97022b,False,2023-10-07T22:44:31.3232395+00:00,[]
dfe29042-5a63-f124-0873-6d72f9474c44,False,2023-10-07T22:54:11.4060983+00:00,"[[""2023-10-08T01:53:11.368918"", null], [""2023-10-08T01:53:23.705266"", null], [""2023-10-08T01:53:35.883824"", null], [""2023-10-08T01:53:48.025331"", null], [""2023-10-08T01:54:00.747396"", ""2023-10-08T01:54:13.005343""]]"
3d8b31f3-75d8-099d-fed9-0290670e1090,False,2023-10-07T22:53:11.3992268+00:00,[]
d8bc6f98-c444-ddb0-af4b-22e7d49f61f5,False,2023-10-07T22:54:11.4060989+00:00,"[[""2023-10-08T01:53:11.368979"", null], [""2023-10-08T01:53:23.705308"", null], [""2023-10-08T01:53:35.883890"", null], [""2023-10-08T01:53:48.025381"", null], [""2023-10-08T01:54:00.747462"", ""2023-10-08T01:54:13.005406""]]"
8453059c-61ce-47a1-d158-7b82ce5e90d4,False,2023-10-07T22:57:11.4305462+00:00,"[[""2023-10-08T01:56:40.227739"", null], [""2023-10-08T01:56:52.643504"", null], [""2023-10-08T01:57:04.843203"", ""2023-10-08T01:57:17.167954""]]"
54ee4caf-10c6-e45f-2773-725e91dc86c7,False,2023-10-07T22:39:11.281394+00:00,[]
01ffbd3b-7f1a-6969-710f-e46380c18930,False,2023-10-07T22:55:31.4149349+00:00,"[[""2023-10-08T01:53:11.369065"", null], [""2023-10-08T01:53:23.705369"", null], [""2023-10-08T01:53:35.883984"", null], [""2023-10-08T01:53:48.025453"", null], [""2023-10-08T01:54:00.747557"", null], [""2023-10-08T01:54:13.005497"", null], [""2023-10-08T01:54:25.193079"", ""2023-10-08T01:54:37.595642""]]"
3c5725db-60e3-f710-d546-709ed23dfa72,False,2023-10-07T22:38:11.2728797+00:00,[]
72241473-5ef4-9f17-0526-b50e55e38ab8,False,2023-10-07T22:56:31.4221+00:00,"[[""2023-10-08T01:54:13.005562"", null], [""2023-10-08T01:54:25.193133"", null], [""2023-10-08T01:54:37.595709"", null], [""2023-10-08T01:54:49.974443"", null], [""2023-10-08T01:55:02.219957"", null], [""2023-10-08T01:55:14.492635"", null], [""2023-10-08T01:55:26.780396"", null], [""2023-10-08T01:55:38.972052"", null], [""2023-10-08T01:55:51.109095"", null], [""2023-10-08T01:56:03.523378"", null], [""2023-10-08T01:56:15.689820"", null], [""2023-10-08T01:56:27.863120"", ""2023-10-08T01:56:40.227848""]]"
f12520ba-1579-e16d-2e16-b72436e1a48c,False,2023-10-07T22:51:11.38577+00:00,[]
f9d7c5a7-a101-6c9e-2ad5-e4f43f328206,True,,"[[""2023-10-08T01:55:02.220011"", null], [""2023-10-08T01:55:14.492699"", null], [""2023-10-08T01:55:26.780473"", null], [""2023-10-08T01:55:38.972117"", null], [""2023-10-08T01:55:51.109167"", ""2023-10-08T01:56:03.523458""]]"
916c868e-1535-c340-3344-2bc43ef4f21c,False,2023-10-07T22:56:31.4221011+00:00,"[[""2023-10-08T01:56:03.523496"", null], [""2023-10-08T01:56:15.689891"", null], [""2023-10-08T01:56:27.863208"", ""2023-10-08T01:56:40.227925""]]"
77850dbf-2807-5b3b-0a98-28f06067a045,True,,"[[""2023-10-08T01:53:11.369238"", null], [""2023-10-08T01:53:23.705491"", ""2023-10-08T01:53:35.884190""]]"
7e5eff58-40fd-ad6e-0fc5-db66c1e4ce41,False,2023-10-07T22:42:11.3021399+00:00,[]
aef99e61-cb56-6715-fa26-1b38c398d835,True,,"[[""2023-10-08T01:53:11.369301"", null], [""2023-10-08T01:53:23.705536"", null], [""2023-10-08T01:53:35.884244"", null], [""2023-10-08T01:53:48.025644"", null], [""2023-10-08T01:54:00.747833"", null], [""2023-10-08T01:54:13.005748"", null], [""2023-10-08T01:54:25.193286"", null], [""2023-10-08T01:54:37.595930"", null], [""2023-10-08T01:54:49.974602"", null], [""2023-10-08T01:55:02.220176"", null], [""2023-10-08T01:55:14.492823"", null], [""2023-10-08T01:55:26.780604"", null], [""2023-10-08T01:55:38.972221"", null], [""2023-10-08T01:55:51.109273"", ""2023-10-08T01:56:03.523597""]]"
efba94c8-332e-bc14-14a6-4667b056eeec,False,2023-10-07T22:55:11.4117132+00:00,"[[""2023-10-08T01:53:11.369335"", null], [""2023-10-08T01:53:23.705560"", null], [""2023-10-08T01:53:35.884273"", null], [""2023-10-08T01:53:48.025673"", null], [""2023-10-08T01:54:00.747862"", null], [""2023-10-08T01:54:13.005784"", null], [""2023-10-08T01:54:25.193316"", null], [""2023-10-08T01:54:37.595960"", null], [""2023-10-08T01:54:49.974632"", null], [""2023-10-08T01:55:02.220242"", ""2023-10-08T01:55:14.492861""]]"
e82a42da-07fb-7e8a-b679-d81c846b56f3,False,2023-10-07T22:25:31.1738252+00:00,[]
2e149b90-50dd-6f76-090a-11ea8e86846e,False,2023-10-07T22:51:31.3866594+00:00,[]
e41520ac-8c43-5242-903d-df681fcb85c2,False,2023-10-07T22:53:51.405507+00:00,"[[""2023-10-08T01:53:11.558559"", null], [""2023-10-08T01:53:23.863031"", null], [""2023-10-08T01:53:36.044825"", null], [""2023-10-08T01:53:48.208691"", ""2023-10-08T01:54:00.957113""]]"
b403ed52-6abe-a9e7-dc60-61fa55084eba,True,,"[[""2023-10-08T01:53:36.044866"", null], [""2023-10-08T01:53:48.208734"", ""2023-10-08T01:54:00.957153""]]"
d4dc22bd-c4e6-03ae-0ed0-c715f28cefe0,True,,"[[""2023-10-08T01:56:40.435670"", null], [""2023-10-08T01:56:52.827383"", null], [""2023-10-08T01:57:05.011890"", null], [""2023-10-08T01:57:17.351150"", null], [""2023-10-08T01:57:29.587248"", null]]"
c84ce094-aa23-9d0d-bc79-433b7f19a59b,True,,"[[""2023-10-08T01:57:17.351191"", null], [""2023-10-08T01:57:29.587291"", null]]"
fb94ada2-291a-259d-ea71-d3e2a01a4a63,False,2023-10-07T22:42:51.3092751+00:00,[]
df05d2bd-b2a1-67a5-4dd6-a5cd9bbf03b2,False,2023-10-07T22:56:31.4221039+00:00,"[[""2023-10-08T01:56:15.873660"", null], [""2023-10-08T01:56:28.055316"", ""2023-10-08T01:56:40.435795""]]"
fd2abc01-7b6f-a376-e0cc-c9b5f178fc5c,True,,"[[""2023-10-08T01:55:14.699346"", null], [""2023-10-08T01:55:26.972673"", null], [""2023-10-08T01:55:39.158231"", null], [""2023-10-08T01:55:51.292277"", null], [""2023-10-08T01:56:03.706421"", null], [""2023-10-08T01:56:15.873713"", null], [""2023-10-08T01:56:28.055368"", null], [""2023-10-08T01:56:40.435836"", null], [""2023-10-08T01:56:52.827510"", null], [""2023-10-08T01:57:05.012014"", null], [""2023-10-08T01:57:17.351281"", null], [""2023-10-08T01:57:29.587380"", null]]"
69a78e5e-e43e-90fa-a035-6f73e74f147e,False,2023-10-07T22:54:51.4086542+00:00,"[[""2023-10-08T01:53:11.558813"", null], [""2023-10-08T01:53:23.863189"", null], [""2023-10-08T01:53:36.045033"", null], [""2023-10-08T01:53:48.208901"", null], [""2023-10-08T01:54:00.957322"", null], [""2023-10-08T01:54:13.171602"", null], [""2023-10-08T01:54:25.407985"", null], [""2023-10-08T01:54:37.781299"", null], [""2023-10-08T01:54:50.165167"", ""2023-10-08T01:55:02.382038""]]"
079d7d0e-7af5-35e1-9bfa-e99ec76c1fcd,False,2023-10-07T22:40:31.2920894+00:00,[]
d7bca052-9a80-eaec-ea67-e3f97ea555d5,False,2023-10-07T22:55:31.4149381+00:00,"[[""2023-10-08T01:54:37.781389"", null], [""2023-10-08T01:54:50.165255"", null], [""2023-10-08T01:55:02.382127"", null], [""2023-10-08T01:55:14.699447"", null], [""2023-10-08T01:55:26.972754"", ""2023-10-08T01:55:39.158356""]]"
24af7fa4-ed50-16a6-9980-b3fc911e42ce,False,2023-10-07T22:56:31.4221053+00:00,"[[""2023-10-08T01:55:02.382170"", null], [""2023-10-08T01:55:14.699480"", null], [""2023-10-08T01:55:26.972781"", null], [""2023-10-08T01:55:39.158397"", null], [""2023-10-08T01:55:51.292387"", null], [""2023-10-08T01:56:03.706545"", null], [""2023-10-08T01:56:15.873867"", null], [""2023-10-08T01:56:28.055514"", ""2023-10-08T01:56:40.435985""]]"
14f08649-f6b7-d553-d082-186d048a4756,False,2023-10-07T22:53:51.4055096+00:00,"[[""2023-10-08T01:53:36.045146"", null], [""2023-10-08T01:53:48.209016"", ""2023-10-08T01:54:00.957437""]]"
0d2b6783-aa54-e936-898c-2a96572fdcc4,True,,"[[""2023-10-08T01:57:17.351455"", null], [""2023-10-08T01:57:29.587549"", null]]"
595d2651-9e56-db1e-ebdc-05f1a7cb774a,False,2023-10-07T22:33:11.2215842+00:00,[]
151f146b-8a46-2936-b998-192bcbde348c,False,2023-10-07T22:43:51.3199641+00:00,[]
89729512-f85d-22fa-ed62-48ec69f9f7e5,True,,"[[""2023-10-08T01:56:52.827769"", null], [""2023-10-08T01:57:05.012270"", null], [""2023-10-08T01:57:17.351546"", null], [""2023-10-08T01:57:29.587638"", null]]"
2b9640eb-2147-c2c2-d9b7-b0c757b5a45e,False,2023-10-07T22:53:11.3992329+00:00,[]
ae67ad8f-0a3c-68c9-dbd4-b0b90e5ca351,False,2023-10-07T22:53:51.4055107+00:00,"[[""2023-10-08T01:53:36.045318"", null], [""2023-10-08T01:53:48.209190"", ""2023-10-08T01:54:00.957612""]]"
a37da4d3-81dd-fd14-e3ac-38971291f1dd,False,2023-10-07T22:57:11.4305516+00:00,"[[""2023-10-08T01:54:01.162932"", null], [""2023-10-08T01:54:13.357215"", null], [""2023-10-08T01:54:25.591498"", null], [""2023-10-08T01:54:37.973909"", null], [""2023-10-08T01:54:50.374651"", null], [""2023-10-08T01:55:02.566965"", null], [""2023-10-08T01:55:14.889334"", null], [""2023-10-08T01:55:27.155282"", null], [""2023-10-08T01:55:39.353463"", ""2023-10-08T01:55:51.469031""]]"
1e9951a6-19ec-dc7b-6013-60c4f751878a,True,,"[[""2023-10-08T01:55:51.469096"", null], [""2023-10-08T01:56:03.896458"", null], [""2023-10-08T01:56:16.043712"", null], [""2023-10-08T01:56:28.238982"", null], [""2023-10-08T01:56:40.622065"", ""2023-10-08T01:56:53.062602""]]"
14b36c6b-1d9f-aa7e-ac3f-4612a44b705a,False,2023-10-07T22:46:51.3401391+00:00,[]
97c1c38b-1cc9-34d4-2485-f571c2a55876,False,2023-10-07T22:56:31.4221084+00:00,"[[""2023-10-08T01:56:16.043775"", null], [""2023-10-08T01:56:28.239062"", ""2023-10-08T01:56:40.622141""]]"
2bc79786-9646-1114-aa37-f20dc83fd859,False,2023-10-07T22:56:51.4269453+00:00,"[[""2023-10-08T01:56:16.043803"", null], [""2023-10-08T01:56:28.239099"", null], [""2023-10-08T01:56:40.622176"", ""2023-10-08T01:56:53.062690""]]"
e688f54c-c299-877a-fd74-f5792a42ddee,True,,"[[""2023-10-08T01:55:14.889515"", null], [""2023-10-08T01:55:27.155460"", null], [""2023-10-08T01:55:39.353682"", null], [""2023-10-08T01:55:51.469276"", null], [""2023-10-08T01:56:03.896635"", null], [""2023-10-08T01:56:16.043831"", null], [""2023-10-08T01:56:28.239141"", null], [""2023-10-08T01:56:40.622211"", null], [""2023-10-08T01:56:53.062719"", null], [""2023-10-08T01:57:05.196573"", null], [""2023-10-08T01:57:17.571428"", null], [""2023-10-08T01:57:29.755703"", null]]"
52073576-3960-10ac-fbad-82d2427d13d3,True,,"[[""2023-10-08T01:53:11.745267"", null], [""2023-10-08T01:53:24.047722"", null], [""2023-10-08T01:53:36.212796"", null], [""2023-10-08T01:53:48.366020"", null], [""2023-10-08T01:54:01.163104"", null], [""2023-10-08T01:54:13.357426"", null], [""2023-10-08T01:54:25.591705"", null], [""2023-10-08T01:54:37.974174"", null], [""2023-10-08T01:54:50.374921"", null], [""2023-10-08T01:55:02.567179"", null], [""2023-10-08T01:55:14.889556"", null], [""2023-10-08T01:55:27.155497"", null], [""2023-10-08T01:55:39.353727"", null], [""2023-10-08T01:55:51.469338"", null], [""2023-10-08T01:56:03.896682"", null], [""2023-10-08T01:56:16.043859"", null], [""2023-10-08T01:56:28.239178"", null], [""2023-10-08T01:56:40.622245"", null], [""2023-10-08T01:56:53.062748"", null], [""2023-10-08T01:57:05.196630"", null], [""2023-10-08T01:57:17.571473"", null], [""2023-10-08T01:57:29.755749"", null]]"
9b10e417-a4e1-50ff-ec21-06765bee76f2,True,,"[[""2023-10-08T01:55:51.469369"", null], [""2023-10-08T01:56:03.896727"", ""2023-10-08T01:56:16.043887""]]"
97d139ea-26b3-fcda-d640-44b64456ccbd,False,2023-10-07T22:55:11.4117187+00:00,"[[""2023-10-08T01:53:11.745340"", null], [""2023-10-08T01:53:24.047821"", null], [""2023-10-08T01:53:36.212892"", null], [""2023-10-08T01:53:48.366082"", null], [""2023-10-08T01:54:01.163158"", null], [""2023-10-08T01:54:13.357493"", null], [""2023-10-08T01:54:25.591771"", null], [""2023-10-08T01:54:37.974260"", null], [""2023-10-08T01:54:50.375008"", null], [""2023-10-08T01:55:02.567247"", ""2023-10-08T01:55:14.889624""]]"
2c3705a7-62ca-d3d7-8230-dbad67e52c95,False,2023-10-07T22:54:11.4061059+00:00,"[[""2023-10-08T01:53:11.745375"", null], [""2023-10-08T01:53:24.047869"", null], [""2023-10-08T01:53:36.212939"", null], [""2023-10-08T01:53:48.366112"", null], [""2023-10-08T01:54:01.163188"", ""2023-10-08T01:54:13.357529""]]"
185cc8e9-b768-f15d-267e-7b78e2006135,False,2023-10-07T22:31:51.210582+00:00,[]
e44a4e81-0947-0d1c-f35b-229b91c8321e,False,2023-10-07T22:56:31.4221105+00:00,"[[""2023-10-08T01:54:13.357597"", null], [""2023-10-08T01:54:25.591871"", null], [""2023-10-08T01:54:37.974388"", null], [""2023-10-08T01:54:50.375138"", null], [""2023-10-08T01:55:02.567350"", null], [""2023-10-08T01:55:14.889726"", null], [""2023-10-08T01:55:27.155660"", null], [""2023-10-08T01:55:39.353929"", null], [""2023-10-08T01:55:51.469547"", null], [""2023-10-08T01:56:03.896898"", null], [""2023-10-08T01:56:16.043995"", null], [""2023-10-08T01:56:28.239344"", ""2023-10-08T01:56:40.622406""]]"
d9f23499-7098-d7e0-da1c-345542754055,False,2023-10-07T22:51:31.3866642+00:00,[]
a7cb884a-46aa-f387-3ed5-8441e99e0047,True,,"[[""2023-10-08T01:53:36.213108"", null], [""2023-10-08T01:53:48.366215"", ""2023-10-08T01:54:01.163294""]]"
f12a7fe6-5220-3bef-52b2-f8d7f4c8c6cb,False,2023-10-07T22:51:31.3866651+00:00,[]
5f0f58ae-55cb-9d71-358d-3151aa67e9f2,False,2023-10-07T22:56:11.4195919+00:00,"[[""2023-10-08T01:54:01.163351"", null], [""2023-10-08T01:54:13.357729"", null], [""2023-10-08T01:54:25.592030"", null], [""2023-10-08T01:54:37.974571"", null], [""2023-10-08T01:54:50.375312"", null], [""2023-10-08T01:55:02.567487"", null], [""2023-10-08T01:55:14.889863"", null], [""2023-10-08T01:55:27.155806"", null], [""2023-10-08T01:55:39.354095"", null], [""2023-10-08T01:55:51.469668"", null], [""2023-10-08T01:56:03.897079"", ""2023-10-08T01:56:16.044105""]]"
9b519c89-e2f8-b3ab-8a20-fa9f4f5c174f,False,2023-10-07T22:43:11.3141056+00:00,[]
34bfc48f-db27-0eaf-f2b0-658a2de5a231,False,2023-10-07T22:52:51.3928497+00:00,[]
edcef8a6-5d10-cb8b-6126-9279d981bf3c,True,,"[[""2023-10-08T01:55:39.354244"", null], [""2023-10-08T01:55:51.469753"", null], [""2023-10-08T01:56:03.897184"", null], [""2023-10-08T01:56:16.044187"", null], [""2023-10-08T01:56:28.239604"", null], [""2023-10-08T01:56:40.622635"", null], [""2023-10-08T01:56:53.063079"", null], [""2023-10-08T01:57:05.197061"", null], [""2023-10-08T01:57:17.571858"", null], [""2023-10-08T01:57:29.756140"", null]]"
b68975dd-a0ee-c293-02a5-ee1c2cafec1f,False,2023-10-07T22:52:51.3928504+00:00,[]
b0ea7742-5ad5-5523-a01a-ca3f8efddfa3,True,,"[[""2023-10-08T01:55:39.520943"", null], [""2023-10-08T01:55:51.654275"", null], [""2023-10-08T01:56:04.092305"", null], [""2023-10-08T01:56:16.231653"", null], [""2023-10-08T01:56:28.424616"", null], [""2023-10-08T01:56:40.837937"", null], [""2023-10-08T01:56:53.223552"", null], [""2023-10-08T01:57:05.382565"", null], [""2023-10-08T01:57:17.755805"", null], [""2023-10-08T01:57:29.940066"", null]]"
d72868dc-c389-a87d-741f-39b3b623f4d6,True,,"[[""2023-10-08T01:53:11.937024"", null], [""2023-10-08T01:53:24.241951"", ""2023-10-08T01:53:36.377422""]]"
824b494c-8053-1fb7-081d-98eb1c565165,False,2023-10-07T22:55:11.4117215+00:00,"[[""2023-10-08T01:53:36.377484"", null], [""2023-10-08T01:53:48.531494"", null], [""2023-10-08T01:54:01.375508"", null], [""2023-10-08T01:54:13.545072"", null], [""2023-10-08T01:54:25.805072"", null], [""2023-10-08T01:54:38.160059"", null], [""2023-10-08T01:54:50.584264"", null], [""2023-10-08T01:55:02.726744"", ""2023-10-08T01:55:15.080017""]]"
18e50e78-692a-9adb-3d8f-4e1219e4f952,False,2023-10-07T22:54:31.4073299+00:00,"[[""2023-10-08T01:53:11.937123"", null], [""2023-10-08T01:53:24.242034"", null], [""2023-10-08T01:53:36.377534"", null], [""2023-10-08T01:53:48.531545"", null], [""2023-10-08T01:54:01.375557"", null], [""2023-10-08T01:54:13.545115"", null], [""2023-10-08T01:54:25.805122"", ""2023-10-08T01:54:38.160123""]]"
7a119026-6178-f91e-113a-396dba46a9f7,True,,"[[""2023-10-08T01:53:11.937170"", null], [""2023-10-08T01:53:24.242077"", null], [""2023-10-08T01:53:36.377584"", null], [""2023-10-08T01:53:48.531585"", null], [""2023-10-08T01:54:01.375595"", null], [""2023-10-08T01:54:13.545149"", null], [""2023-10-08T01:54:25.805161"", null], [""2023-10-08T01:54:38.160174"", null], [""2023-10-08T01:54:50.584381"", null], [""2023-10-08T01:55:02.726832"", null], [""2023-10-08T01:55:15.080101"", null], [""2023-10-08T01:55:27.341292"", null], [""2023-10-08T01:55:39.521162"", null], [""2023-10-08T01:55:51.654482"", null], [""2023-10-08T01:56:04.092512"", null], [""2023-10-08T01:56:16.231806"", null], [""2023-10-08T01:56:28.424849"", null], [""2023-10-08T01:56:40.838144"", null], [""2023-10-08T01:56:53.223831"", null], [""2023-10-08T01:57:05.382791"", null], [""2023-10-08T01:57:17.756023"", null], [""2023-10-08T01:57:29.940230"", null]]"
781953a8-00a3-b559-1907-08e84ae1a67f,False,2023-10-07T22:56:11.4195944+00:00,"[[""2023-10-08T01:53:11.937215"", null], [""2023-10-08T01:53:24.242124"", null], [""2023-10-08T01:53:36.377632"", null], [""2023-10-08T01:53:48.531625"", null], [""2023-10-08T01:54:01.375633"", null], [""2023-10-08T01:54:13.545182"", null], [""2023-10-08T01:54:25.805200"", null], [""2023-10-08T01:54:38.160225"", null], [""2023-10-08T01:54:50.584447"", null], [""2023-10-08T01:55:02.726874"", null], [""2023-10-08T01:55:15.080141"", null], [""2023-10-08T01:55:27.341358"", null], [""2023-10-08T01:55:39.521214"", null], [""2023-10-08T01:55:51.654525"", null], [""2023-10-08T01:56:04.092562"", ""2023-10-08T01:56:16.231916""]]"
57ed0d03-b1a3-f6ff-0fa3-a0d5b167606a,False,2023-10-07T22:57:11.4305574+00:00,"[[""2023-10-08T01:53:11.937261"", null], [""2023-10-08T01:53:24.242155"", null], [""2023-10-08T01:53:36.377681"", null], [""2023-10-08T01:53:48.531664"", null], [""2023-10-08T01:54:01.375672"", null], [""2023-10-08T01:54:13.545215"", null], [""2023-10-08T01:54:25.805239"", null], [""2023-10-08T01:54:38.160276"", null], [""2023-10-08T01:54:50.584488"", null], [""2023-10-08T01:55:02.726915"", null], [""2023-10-08T01:55:15.080179"", null], [""2023-10-08T01:55:27.341411"", null], [""2023-10-08T01:55:39.521264"", null], [""2023-10-08T01:55:51.654563"", null], [""2023-10-08T01:56:04.092611"", null], [""2023-10-08T01:56:16.231955"", null], [""2023-10-08T01:56:28.424927"", null], [""2023-10-08T01:56:40.838259"", null], [""2023-10-08T01:56:53.223915"", null], [""2023-10-08T01:57:05.382888"", ""2023-10-08T01:57:17.756121""]]"
3646747e-9e07-4672-aa48-72bffcf4f0de,False,2023-10-07T22:51:51.3881402+00:00,[]
8d5fc3a9-1073-77bd-b5f3-c796349a8d92,False,2023-10-07T22:32:31.2134518+00:00,[]
1afe437f-4b86-f481-c7db-173b8df0527e,False,2023-10-07T22:56:51.4269501+00:00,"[[""2023-10-08T01:54:38.160418"", null], [""2023-10-08T01:54:50.584606"", null], [""2023-10-08T01:55:02.727029"", null], [""2023-10-08T01:55:15.080296"", null], [""2023-10-08T01:55:27.341557"", null], [""2023-10-08T01:55:39.521405"", null], [""2023-10-08T01:55:51.654672"", null], [""2023-10-08T01:56:04.092751"", null], [""2023-10-08T01:56:16.232080"", null], [""2023-10-08T01:56:28.425039"", null], [""2023-10-08T01:56:40.838368"", ""2023-10-08T01:56:53.224031""]]"
f5ee305f-ea2f-7794-154b-dd5408a526fc,False,2023-10-07T22:57:11.4305583+00:00,"[[""2023-10-08T01:56:16.232116"", null], [""2023-10-08T01:56:28.425081"", null], [""2023-10-08T01:56:40.838407"", null], [""2023-10-08T01:56:53.224072"", null], [""2023-10-08T01:57:05.383074"", ""2023-10-08T01:57:17.756308""]]"
46318930-a133-a469-5acb-107d6d5139b9,True,,"[[""2023-10-08T01:53:11.937474"", null], [""2023-10-08T01:53:24.242302"", null], [""2023-10-08T01:53:36.377907"", null], [""2023-10-08T01:53:48.531847"", null], [""2023-10-08T01:54:01.375849"", null], [""2023-10-08T01:54:13.545368"", null], [""2023-10-08T01:54:25.805419"", null], [""2023-10-08T01:54:38.160515"", null], [""2023-10-08T01:54:50.584686"", null], [""2023-10-08T01:55:02.727109"", null], [""2023-10-08T01:55:15.080358"", null], [""2023-10-08T01:55:27.341677"", null], [""2023-10-08T01:55:39.521514"", null], [""2023-10-08T01:55:51.654747"", null], [""2023-10-08T01:56:04.092847"", null], [""2023-10-08T01:56:16.232149"", null], [""2023-10-08T01:56:28.425123"", null], [""2023-10-08T01:56:40.838447"", null], [""2023-10-08T01:56:53.224115"", null], [""2023-10-08T01:57:05.383130"", null], [""2023-10-08T01:57:17.756361"", null], [""2023-10-08T01:57:29.940479"", null]]"
1860c0e5-668c-c890-0d08-375e3d05b95d,False,2023-10-07T22:45:11.3314495+00:00,[]
0bdadb0c-4a36-db04-de1d-0ca161ef2197,False,2023-10-07T22:52:51.3928531+00:00,[]
da1fa527-21b1-3452-f249-e2abd5493af6,True,,"[[""2023-10-08T01:54:13.545465"", null], [""2023-10-08T01:54:25.805533"", null], [""2023-10-08T01:54:38.160657"", null], [""2023-10-08T01:54:50.584806"", null], [""2023-10-08T01:55:02.727230"", null], [""2023-10-08T01:55:15.080452"", null], [""2023-10-08T01:55:27.341797"", null], [""2023-10-08T01:55:39.521631"", null], [""2023-10-08T01:55:51.654861"", null], [""2023-10-08T01:56:04.092992"", null], [""2023-10-08T01:56:16.232240"", null], [""2023-10-08T01:56:28.425244"", null], [""2023-10-08T01:56:40.838561"", null], [""2023-10-08T01:56:53.224236"", null], [""2023-10-08T01:57:05.383265"", null], [""2023-10-08T01:57:17.756524"", null], [""2023-10-08T01:57:29.940592"", null]]"
92861edb-73fc-f858-81b1-905977b76d05,True,,"[[""2023-10-08T01:53:11.937653"", null], [""2023-10-08T01:53:24.242424"", null], [""2023-10-08T01:53:36.378104"", null], [""2023-10-08T01:53:48.532000"", null], [""2023-10-08T01:54:01.375998"", null], [""2023-10-08T01:54:13.545500"", null], [""2023-10-08T01:54:25.805573"", null], [""2023-10-08T01:54:38.160699"", null], [""2023-10-08T01:54:50.584849"", null], [""2023-10-08T01:55:02.727273"", null], [""2023-10-08T01:55:15.080486"", null], [""2023-10-08T01:55:27.341840"", null], [""2023-10-08T01:55:39.521672"", null], [""2023-10-08T01:55:51.654902"", null], [""2023-10-08T01:56:04.093062"", null], [""2023-10-08T01:56:16.232273"", null], [""2023-10-08T01:56:28.425290"", null], [""2023-10-08T01:56:40.838601"", null], [""2023-10-08T01:56:53.224279"", null], [""2023-10-08T01:57:05.383307"", null], [""2023-10-08T01:57:17.756566"", null], [""2023-10-08T01:57:29.940633"", null]]"
51996f21-e3ac-1f3a-3760-97444c2a025c,False,2023-10-07T22:52:11.3887544+00:00,[]
bc71ad48-fc31-e86d-cadb-f3ccaad60bbe,False,2023-10-07T22:53:31.4028874+00:00,"[[""2023-10-08T01:53:11.937763"", null], [""2023-10-08T01:53:24.242487"", ""2023-10-08T01:53:36.378181""]]"
0065b4a9-d034-2623-b530-d50dc24471e7,False,2023-10-07T22:53:51.4055178+00:00,"[[""2023-10-08T01:53:36.378222"", null], [""2023-10-08T01:53:48.532117"", ""2023-10-08T01:54:01.376120""]]"
39a28b40-dde6-84ec-c96e-dacc075effcb,False,2023-10-07T22:52:31.3906315+00:00,[]
bfa1183a-a225-c292-79ba-a519fa4d6655,False,2023-10-07T22:52:11.3887551+00:00,[]
8e993ea0-a5d4-428b-e61b-df78e5215ccc,False,2023-10-07T22:54:11.4061114+00:00,"[[""2023-10-08T01:53:12.124533"", null], [""2023-10-08T01:53:24.402778"", null], [""2023-10-08T01:53:36.546875"", null], [""2023-10-08T01:53:48.739521"", null], [""2023-10-08T01:54:01.559186"", ""2023-10-08T01:54:13.712066""]]"
abca8f57-84a5-cdce-344f-a34ff2cf28f1,False,2023-10-07T22:48:51.3627512+00:00,[]
86a100da-5136-297e-44e6-9f3c47d5a0c5,False,2023-10-07T22:53:11.3992452+00:00,[]
e3ae5e2d-2d51-01ab-1ce4-d52a32b0a5b7,True,,"[[""2023-10-08T01:57:17.975335"", null], [""2023-10-08T01:57:30.124324"", null]]"
db898b6b-2815-ae74-6b12-d3793a01eb27,True,,"[[""2023-10-08T01:53:12.124690"", null], [""2023-10-08T01:53:24.402982"", null], [""2023-10-08T01:53:36.547009"", null], [""2023-10-08T01:53:48.739709"", null], [""2023-10-08T01:54:01.559324"", null], [""2023-10-08T01:54:13.712239"", null], [""2023-10-08T01:54:26.011589"", ""2023-10-08T01:54:38.369825""]]"
6d7dd5f4-f937-80f2-78fd-14712c774265,True,,"[[""2023-10-08T01:53:36.547044"", null], [""2023-10-08T01:53:48.739750"", null], [""2023-10-08T01:54:01.559360"", ""2023-10-08T01:54:13.712284""]]"
d38f6a0c-86c0-b52d-c66b-e5bd1eb1ea26,False,2023-10-07T22:15:11.1119384+00:00,[]
51639136-f5bf-86a9-be9f-eb5d430b2ba8,True,,"[[""2023-10-08T01:53:12.124804"", null], [""2023-10-08T01:53:24.403087"", ""2023-10-08T01:53:36.547109""]]"
24d29b7d-83e8-a997-f89f-5e3c94efefd1,True,,"[[""2023-10-08T01:55:51.846763"", null], [""2023-10-08T01:56:04.309638"", null], [""2023-10-08T01:56:16.390523"", null], [""2023-10-08T01:56:28.618279"", null], [""2023-10-08T01:56:41.021675"", null], [""2023-10-08T01:56:53.391048"", null], [""2023-10-08T01:57:05.574011"", null], [""2023-10-08T01:57:17.975548"", null], [""2023-10-08T01:57:30.124536"", null]]"
ecd06eea-5571-e0a1-7b7a-a529b9022384,True,,"[[""2023-10-08T01:56:16.390570"", null], [""2023-10-08T01:56:28.618334"", null], [""2023-10-08T01:56:41.021720"", null], [""2023-10-08T01:56:53.391103"", null], [""2023-10-08T01:57:05.574068"", null], [""2023-10-08T01:57:17.975593"", null], [""2023-10-08T01:57:30.124582"", null]]"
09524dfa-ffb9-3468-c4dd-83a4b4906d60,True,,"[[""2023-10-08T01:55:15.288425"", null], [""2023-10-08T01:55:27.535293"", null], [""2023-10-08T01:55:39.680831"", null], [""2023-10-08T01:55:51.846881"", null], [""2023-10-08T01:56:04.309767"", null], [""2023-10-08T01:56:16.390606"", null], [""2023-10-08T01:56:28.618380"", null], [""2023-10-08T01:56:41.021756"", null], [""2023-10-08T01:56:53.391148"", null], [""2023-10-08T01:57:05.574114"", null], [""2023-10-08T01:57:17.975639"", null], [""2023-10-08T01:57:30.124627"", null]]"
513c843c-c7c1-099a-cda7-01a92cb7cd50,False,2023-10-07T22:34:31.2357561+00:00,[]
a7e0b53c-cb47-f9a5-4eb4-5dae0a61c7db,False,2023-10-07T22:54:31.4073351+00:00,"[[""2023-10-08T01:54:13.712568"", null], [""2023-10-08T01:54:26.011849"", ""2023-10-08T01:54:38.370248""]]"
8c417d9d-b13f-f070-bf07-1fd9c768126f,False,2023-10-07T22:50:51.3845603+00:00,[]
8eebcbd1-5c04-c10e-9c14-ff642c018f4e,True,,"[[""2023-10-08T01:53:12.125068"", null], [""2023-10-08T01:53:24.403315"", ""2023-10-08T01:53:36.547332""]]"
224d4c53-5a76-6dc4-b32e-f61234538e7f,True,,"[[""2023-10-08T01:56:16.390798"", null], [""2023-10-08T01:56:28.618591"", null], [""2023-10-08T01:56:41.021923"", null], [""2023-10-08T01:56:53.391356"", null], [""2023-10-08T01:57:05.574319"", null], [""2023-10-08T01:57:17.975845"", null], [""2023-10-08T01:57:30.124956"", null]]"
8a2924c9-1398-377a-fdea-14c59f3f14fe,True,,"[[""2023-10-08T01:53:12.125148"", null], [""2023-10-08T01:53:24.403384"", null], [""2023-10-08T01:53:36.547400"", null], [""2023-10-08T01:53:48.740109"", null], [""2023-10-08T01:54:01.559726"", ""2023-10-08T01:54:13.712737""]]"
2c6e98c4-30df-ef67-9a9e-bc8395b6d576,False,2023-10-07T22:54:31.4073364+00:00,"[[""2023-10-08T01:53:12.125190"", null], [""2023-10-08T01:53:24.403420"", null], [""2023-10-08T01:53:36.547436"", null], [""2023-10-08T01:53:48.740146"", null], [""2023-10-08T01:54:01.559764"", null], [""2023-10-08T01:54:13.712784"", null], [""2023-10-08T01:54:26.012014"", ""2023-10-08T01:54:38.370473""]]"
822076f8-9281-9775-611f-ae4d6ba537eb,False,2023-10-07T22:52:11.3887596+00:00,[]
c387187d-d53a-07a4-05fd-01315ee85985,True,,"[[""2023-10-08T01:53:12.314567"", null], [""2023-10-08T01:53:24.592247"", null], [""2023-10-08T01:53:36.738521"", null], [""2023-10-08T01:53:48.928349"", null], [""2023-10-08T01:54:01.754868"", null], [""2023-10-08T01:54:13.902371"", null], [""2023-10-08T01:54:26.220121"", null], [""2023-10-08T01:54:38.565366"", null], [""2023-10-08T01:54:50.987750"", null], [""2023-10-08T01:55:03.076631"", ""2023-10-08T01:55:15.479058""]]"
5417df31-a12e-b9e8-3352-d95920ad8425,False,2023-10-07T22:46:51.3401507+00:00,[]
b4b4c785-a85e-7edf-a844-05366db6b2e6,False,2023-10-07T22:54:31.4073376+00:00,"[[""2023-10-08T01:53:36.738636"", null], [""2023-10-08T01:53:48.928445"", null], [""2023-10-08T01:54:01.754983"", null], [""2023-10-08T01:54:13.902514"", null], [""2023-10-08T01:54:26.220265"", ""2023-10-08T01:54:38.565521""]]"
12cf011f-e95c-c2e2-9acb-9e98e3951bc3,False,2023-10-07T22:46:31.3388648+00:00,[]
ce170eaa-c6ef-fd1d-9302-4ac74d02c1bf,False,2023-10-07T22:47:31.3463763+00:00,[]
9c4303e2-5b7f-dc51-493f-13bdf68b744c,False,2023-10-07T22:43:51.3199757+00:00,[]
12fd2f9d-a2c0-357c-cca2-f5d5b6781f56,False,2023-10-07T22:51:11.3857857+00:00,[]
09a28a7e-eb04-dabb-d731-a80725f0e4a2,True,,"[[""2023-10-08T01:56:16.567590"", null], [""2023-10-08T01:56:28.833050"", null], [""2023-10-08T01:56:41.211556"", null], [""2023-10-08T01:56:53.581967"", null], [""2023-10-08T01:57:05.735533"", null], [""2023-10-08T01:57:18.166616"", null], [""2023-10-08T01:57:30.316798"", null]]"
25d3aa14-7f8c-d9df-407e-fb317d1209e2,False,2023-10-07T22:55:11.4117293+00:00,"[[""2023-10-08T01:53:12.314992"", null], [""2023-10-08T01:53:24.592543"", null], [""2023-10-08T01:53:36.738897"", null], [""2023-10-08T01:53:48.928651"", null], [""2023-10-08T01:54:01.755244"", null], [""2023-10-08T01:54:13.902839"", null], [""2023-10-08T01:54:26.220601"", null], [""2023-10-08T01:54:38.565863"", null], [""2023-10-08T01:54:50.988231"", null], [""2023-10-08T01:55:03.076938"", ""2023-10-08T01:55:15.479368""]]"
963d82d7-bbc1-6171-48dd-3d937541fc5d,False,2023-10-07T22:47:31.3463773+00:00,[]
0d58777f-4a30-8fcf-5e6f-504c2e0da05e,False,2023-10-07T22:54:51.4086676+00:00,"[[""2023-10-08T01:53:12.315100"", null], [""2023-10-08T01:53:24.592616"", null], [""2023-10-08T01:53:36.738989"", null], [""2023-10-08T01:53:48.928723"", null], [""2023-10-08T01:54:01.755334"", null], [""2023-10-08T01:54:13.902953"", null], [""2023-10-08T01:54:26.220724"", null], [""2023-10-08T01:54:38.565996"", null], [""2023-10-08T01:54:50.988350"", ""2023-10-08T01:55:03.077017""]]"
697b9b37-a7c7-fec8-c202-c6d6adae5c03,False,2023-10-07T22:55:51.4161142+00:00,"[[""2023-10-08T01:53:12.315157"", null], [""2023-10-08T01:53:24.592655"", null], [""2023-10-08T01:53:36.739037"", null], [""2023-10-08T01:53:48.928761"", null], [""2023-10-08T01:54:01.755382"", null], [""2023-10-08T01:54:13.903013"", null], [""2023-10-08T01:54:26.220798"", null], [""2023-10-08T01:54:38.566047"", null], [""2023-10-08T01:54:50.988428"", null], [""2023-10-08T01:55:03.077056"", null], [""2023-10-08T01:55:15.479481"", null], [""2023-10-08T01:55:27.726788"", null], [""2023-10-08T01:55:39.875278"", ""2023-10-08T01:55:52.063836""]]"
ca36308c-ddc8-5d79-3eaf-943307a5e8d3,False,2023-10-07T22:57:11.4305659+00:00,"[[""2023-10-08T01:53:12.315213"", null], [""2023-10-08T01:53:24.592693"", null], [""2023-10-08T01:53:36.739085"", null], [""2023-10-08T01:53:48.928798"", null], [""2023-10-08T01:54:01.755430"", null], [""2023-10-08T01:54:13.903074"", null], [""2023-10-08T01:54:26.220846"", null], [""2023-10-08T01:54:38.566097"", null], [""2023-10-08T01:54:50.988478"", null], [""2023-10-08T01:55:03.077096"", null], [""2023-10-08T01:55:15.479521"", null], [""2023-10-08T01:55:27.726850"", null], [""2023-10-08T01:55:39.875339"", null], [""2023-10-08T01:55:52.063895"", null], [""2023-10-08T01:56:04.502901"", null], [""2023-10-08T01:56:16.567867"", null], [""2023-10-08T01:56:28.833285"", null], [""2023-10-08T01:56:41.211790"", null], [""2023-10-08T01:56:53.582204"", null], [""2023-10-08T01:57:05.735861"", ""2023-10-08T01:57:18.166903""]]"
43f99b4c-97cd-fb74-6e92-65e3db23225d,False,2023-10-07T22:55:51.416115+00:00,"[[""2023-10-08T01:55:39.875389"", ""2023-10-08T01:55:52.063945""]]"
ecc84acf-4b30-5deb-d011-6f61c34b843e,False,2023-10-07T22:28:31.1954748+00:00,[]
3a6860f9-e74d-ee0e-00b3-d1e5d25bbe2c,False,2023-10-07T22:50:51.3845629+00:00,[]
61fbd1a7-2358-9782-7f2f-25a0b8d0fc37,False,2023-10-07T22:53:11.3992525+00:00,[]
